name,brand,address,website,phone
Jewel-Osco,Jewel-Osco,9400 South Ashland Avenue Chicago,https://local.jewelosco.com/il/chicago/9400-s-ashland-ave.html,+1 773-238-2393
Dearborn Wholesale Grocers,,1841 West 79th Street Chicago,,
Village Food Mart,,7907-7911 South Wood Street Chicago,,
Food 4 Less,Food 4 Less,7030 South Ashland Avenue Chicago,https://www.food4less.com/stores/details/708/00552,
Save-A-Lot,Save-A-Lot,10700 South Halsted Street Chicago,https://savealot.com/grocery-stores/chicago-60628-61312/,
Pete's Produce,,1411 West 87th Street Chicago,https://www.petesproduce.com/,
Aldi,Aldi,620 West 63rd Street Chicago,https://stores.aldi.us/il/chicago/620-w-63rd-st,+1 833-462-1092
Aldi,Aldi,6621 South Cottage Grove Avenue Chicago,https://stores.aldi.us/il/chicago/6621-s-cottage-grove-ave,-2371
Woodlawn Fresh Market,,6319 South Vernon Avenue Chicago,,
Pete's Produce,,1543 East 87th Street Chicago,https://www.petesproduce.com/,
Jewel-Osco,Jewel-Osco,7530 South Stony Island Avenue Chicago,https://local.jewelosco.com/il/chicago/7530-s-stony-island-ave.html,+1 773-955-8150
Aldi,Aldi,7800 South South Chicago Avenue Chicago,https://stores.aldi.us/il/chicago/7800-south-chicago-ave,+1 833-462-1079
Save-A-Lot,Save-A-Lot,7240 South Stony Island Avenue Chicago,https://savealot.com/grocery-stores/chicago-60649-61313/,
Aldi,Aldi,8500 South Holland Road Chicago,https://stores.aldi.us/il/chicago/8500-s-holland-road,+1 833-462-1088
Walmart Neighborhood Market,Walmart Neighborhood Market,7535 South Ashland Avenue Chicago,https://www.walmart.com/store/3110-chicago-il,+1 773-420-0289
Aldi,Aldi,7345 South State Street Chicago,https://stores.aldi.us/il/chicago/7345-s-state-street,+1 833-462-1008
Meijer,Meijer,9200 South Western Avenue Evergreen Park,https://www.meijer.com/shopping/store-locator/265.html,+1 708-499-8100
Save-A-Lot,Save-A-Lot,832 West 63rd Street Chicago,https://savealot.com/grocery-stores/chicago-60621-21608/,
Mariano's Fresh Market,Mariano's Fresh Market,2559 West 95th Street Evergreen Park,https://www.marianos.com/stores/grocery/il/evergreen-park/marianos-evergreen-park/531/00530,
Walmart Supercenter,Walmart,2500 West 95th Street Evergreen Park,https://www.walmart.com/store/5485-evergreen-park-il,+1 708-229-0611
Whole Foods Market,Whole Foods Market,9600 South Western Avenue Evergreen Park,https://www.wholefoodsmarket.com/stores/evergreenpark,+1 708-931-3030
Jewel-Osco,Jewel-Osco,101 West 87th Street Chicago,https://local.jewelosco.com/il/chicago/87-w-87th-st.html,+1 773-487-8700
Jewel-Osco,Jewel-Osco,1655 East 95th Street Chicago,https://local.jewelosco.com/il/chicago/1655-e-95th-st.html,+1 773-731-9086
Food 4 Less,Food 4 Less,112 West 87th Street Chicago,https://www.food4less.com/storeHours?store=70800570,
M & H Market,,330 East 75th Street Chicago,,
Zees Supermarket Plus,,7336 South Stony Island Avenue Chicago,,
Shop-N-Save,,135 East 71st Street Chicago,,
Aldi,Aldi,2541 West 95th Street Evergreen Park,https://stores.aldi.us/il/evergreen-park/2541-w-95th-street,+1 833-462-1097
Go Green Community Fresh Market,,1207 West 63rd Street Chicago,https://gogreenonracine.com/fresh-market,
